,code,name,continent
0,AD,Andorra,EU
1,AE,United Arab Emirates,AS
2,AF,Afghanistan,AS
3,AG,Antigua and Barbuda,unknown
4,AI,Anguilla,unknown
5,AL,Albania,EU
6,AM,Armenia,AS
7,AO,Angola,AF
8,AQ,Antarctica,AN
9,AR,Argentina,SA
10,AS,American Samoa,OC
11,AT,Austria,EU
12,AU,Australia,OC
13,AW,Aruba,unknown
14,AZ,Azerbaijan,AS
15,BA,Bosnia and Herzegovina,EU
16,BB,Barbados,unknown
17,BD,Bangladesh,AS
18,BE,Belgium,EU
19,BF,Burkina Faso,AF
20,BG,Bulgaria,EU
21,BH,Bahrain,AS
22,BI,Burundi,AF
23,BJ,Benin,AF
24,BL,Saint Barthélemy,unknown
25,BM,Bermuda,unknown
26,BN,Brunei,AS
27,BO,Bolivia,SA
28,BQ,Caribbean Netherlands,unknown
29,BR,Brazil,SA
30,BS,Bahamas,unknown
31,BT,Bhutan,AS
32,BW,Botswana,AF
33,BY,Belarus,EU
34,BZ,Belize,unknown
35,CA,Canada,unknown
36,CC,Cocos (Keeling) Islands,AS
37,CD,Congo (Kinshasa),AF
38,CF,Central African Republic,AF
39,CG,Congo (Brazzaville),AF
40,CH,Switzerland,EU
41,CI,Côte d'Ivoire,AF
42,CK,Cook Islands,OC
43,CL,Chile,SA
44,CM,Cameroon,AF
45,CN,China,AS
46,CO,Colombia,SA
47,CR,Costa Rica,unknown
48,CU,Cuba,unknown
49,CV,Cape Verde,AF
50,CW,Curaçao,unknown
51,CX,Christmas Island,AS
52,CY,Cyprus,AS
53,CZ,Czech Republic,EU
54,DE,Germany,EU
55,DJ,Djibouti,AF
56,DK,Denmark,EU
57,DM,Dominica,unknown
58,DO,Dominican Republic,unknown
59,DZ,Algeria,AF
60,EC,Ecuador,SA
61,EE,Estonia,EU
62,EG,Egypt,AF
63,EH,Western Sahara,AF
64,ER,Eritrea,AF
65,ES,Spain,EU
66,ET,Ethiopia,AF
67,FI,Finland,EU
68,FJ,Fiji,OC
69,FK,Falkland Islands,SA
70,FM,Micronesia,OC
71,FO,Faroe Islands,EU
72,FR,France,EU
73,GA,Gabon,AF
74,GB,United Kingdom,EU
75,GD,Grenada,unknown
76,GE,Georgia,AS
77,GF,French Guiana,SA
78,GG,Guernsey,EU
79,GH,Ghana,AF
80,GI,Gibraltar,EU
81,GL,Greenland,unknown
82,GM,Gambia,AF
83,GN,Guinea,AF
84,GP,Guadeloupe,unknown
85,GQ,Equatorial Guinea,AF
86,GR,Greece,EU
87,GS,South Georgia and the South Sandwich Islands,AN
88,GT,Guatemala,unknown
89,GU,Guam,OC
90,GW,Guinea-Bissau,AF
91,GY,Guyana,SA
92,HK,Hong Kong,AS
93,HN,Honduras,unknown
94,HR,Croatia,EU
95,HT,Haiti,unknown
96,HU,Hungary,EU
97,ID,Indonesia,AS
98,IE,Ireland,EU
99,IL,Israel,AS
100,IM,Isle of Man,EU
101,IN,India,AS
102,IO,British Indian Ocean Territory,AS
103,IQ,Iraq,AS
104,IR,Iran,AS
105,IS,Iceland,EU
106,IT,Italy,EU
107,JE,Jersey,EU
108,JM,Jamaica,unknown
109,JO,Jordan,AS
110,JP,Japan,AS
111,KE,Kenya,AF
112,KG,Kyrgyzstan,AS
113,KH,Cambodia,AS
114,KI,Kiribati,OC
115,KM,Comoros,AF
116,KN,Saint Kitts and Nevis,unknown
117,KP,North Korea,AS
118,KR,South Korea,AS
119,KW,Kuwait,AS
120,KY,Cayman Islands,unknown
121,KZ,Kazakhstan,AS
122,LA,Laos,AS
123,LB,Lebanon,AS
124,LC,Saint Lucia,unknown
125,LI,Liechtenstein,EU
126,LK,Sri Lanka,AS
127,LR,Liberia,AF
128,LS,Lesotho,AF
129,LT,Lithuania,EU
130,LU,Luxembourg,EU
131,LV,Latvia,EU
132,LY,Libya,AF
133,MA,Morocco,AF
134,MC,Monaco,EU
135,MD,Moldova,EU
136,ME,Montenegro,EU
137,MF,Saint Martin,unknown
138,MG,Madagascar,AF
139,MH,Marshall Islands,OC
140,MK,North Macedonia,EU
141,ML,Mali,AF
142,MM,Burma,AS
143,MN,Mongolia,AS
144,MO,Macau,AS
145,MP,Northern Mariana Islands,OC
146,MQ,Martinique,unknown
147,MR,Mauritania,AF
148,MS,Montserrat,unknown
149,MT,Malta,EU
150,MU,Mauritius,AF
151,MV,Maldives,AS
152,MW,Malawi,AF
153,MX,Mexico,unknown
154,MY,Malaysia,AS
155,MZ,Mozambique,AF
156,NM,Namibia,AF
157,NC,New Caledonia,OC
158,NE,Niger,AF
159,NF,Norfolk Island,OC
160,NG,Nigeria,AF
161,NI,Nicaragua,unknown
162,NL,Netherlands,EU
163,NO,Norway,EU
164,NP,Nepal,AS
165,NR,Nauru,OC
166,NU,Niue,OC
167,NZ,New Zealand,OC
168,OM,Oman,AS
169,PA,Panama,unknown
170,PE,Perú,SA
171,PF,French Polynesia,OC
172,PG,Papua New Guinea,OC
173,PH,Philippines,AS
174,PK,Pakistan,AS
175,PL,Poland,EU
176,PM,Saint Pierre and Miquelon,unknown
177,PN,Pitcairn,OC
178,PR,Puerto Rico,unknown
179,PS,Palestinian Territory,AS
180,PT,Portugal,EU
181,PW,Palau,OC
182,PY,Paraguay,SA
183,QA,Qatar,AS
184,RE,Réunion,AF
185,RO,Romania,EU
186,RS,Serbia,EU
187,RU,Russia,EU
188,RW,Rwanda,AF
189,SA,Saudi Arabia,AS
190,SB,Solomon Islands,OC
191,SC,Seychelles,AF
192,SD,Sudan,AF
193,SE,Sweden,EU
194,SG,Singapore,AS
195,SH,Saint Helena,AF
196,SI,Slovenia,EU
197,SK,Slovakia,EU
198,SL,Sierra Leone,AF
199,SM,San Marino,EU
200,SN,Senegal,AF
201,SO,Somalia,AF
202,SR,Suriname,SA
203,SS,South Sudan,AF
204,ST,São Tomé and Principe,AF
205,SV,El Salvador,unknown
206,SX,Sint Maarten,unknown
207,SY,Syria,AS
208,SZ,Eswatini,AF
209,TC,Turks and Caicos Islands,unknown
210,TD,Chad,AF
211,TF,French Southern Territories,AN
212,TG,Togo,AF
213,TH,Thailand,AS
214,TJ,Tajikistan,AS
215,TK,Tokelau,OC
216,TL,Timor-Leste,AS
217,TM,Turkmenistan,AS
218,TN,Tunisia,AF
219,TO,Tonga,OC
220,TR,Turkey,AS
221,TT,Trinidad and Tobago,unknown
222,TV,Tuvalu,OC
223,TW,Taiwan,AS
224,TZ,Tanzania,AF
225,UA,Ukraine,EU
226,UG,Uganda,AF
227,UM,United States Minor Outlying Islands,OC
228,US,United States,unknown
229,UY,Uruguay,SA
230,UZ,Uzbekistan,AS
231,VA,Vatican City,EU
232,VC,Saint Vincent and the Grenadines,unknown
233,VE,Venezuela,SA
234,VG,British Virgin Islands,unknown
235,VI,U.S. Virgin Islands,unknown
236,VN,Vietnam,AS
237,VU,Vanuatu,OC
238,WF,Wallis and Futuna,OC
239,WS,Samoa,OC
240,XK,Kosovo,EU
241,YE,Yemen,AS
242,YT,Mayotte,AF
243,ZA,South Africa,AF
244,ZM,Zambia,AF
245,ZW,Zimbabwe,AF
246,ZZ,Unknown or unassigned country,AF
